name,url,test_types,remote_testing,adaptive
Account Manager Solution,https://www.shl.com/products/product-catalog/view/account-manager-solution/,CPAB,No,No
Administrative Professional - Short Form,https://www.shl.com/products/product-catalog/view/administrative-professional-short-form/,AKP,No,No
Agency Manager Solution,https://www.shl.com/products/product-catalog/view/agency-manager-solution/,ABPS,No,No
Apprentice + 8.0 Job Focused Assessment,https://www.shl.com/products/product-catalog/view/apprentice-8-0-job-focused-assessment-4261/,BP,No,No
Apprentice 8.0 Job Focused Assessment,https://www.shl.com/products/product-catalog/view/apprentice-8-0-job-focused-assessment/,BP,No,No
Bank Administrative Assistant - Short Form,https://www.shl.com/products/product-catalog/view/bank-administrative-assistant-short-form/,ABKP,No,No
Bank Collections Agent - Short Form,https://www.shl.com/products/product-catalog/view/bank-collections-agent-short-form/,ABP,No,No
Bank Operations Supervisor - Short Form,https://www.shl.com/products/product-catalog/view/bank-operations-supervisor-short-form/,ABPS,No,No
Bilingual Spanish Reservation Agent Solution,https://www.shl.com/products/product-catalog/view/bilingual-spanish-reservation-agent-solution/,BPSA,No,No
"Bookkeeping, Accounting, Auditing Clerk Short Form",https://www.shl.com/products/product-catalog/view/bookkeeping-accounting-auditing-clerk-short-form/,PSKBA,No,No
Branch Manager - Short Form,https://www.shl.com/products/product-catalog/view/branch-manager-short-form/,ABP,No,No
Cashier Solution,https://www.shl.com/products/product-catalog/view/cashier-solution/,BAP,No,No
Adobe Experience Manager (New),https://www.shl.com/products/product-catalog/view/adobe-experience-manager-new/,K,No,No
Adobe Photoshop CC,https://www.shl.com/products/product-catalog/view/adobe-photoshop-cc/,K,No,No
Aeronautical Engineering (New),https://www.shl.com/products/product-catalog/view/aeronautical-engineering-new/,K,No,No
Aerospace Engineering (New),https://www.shl.com/products/product-catalog/view/aerospace-engineering-new/,K,No,No
Agile Software Development,https://www.shl.com/products/product-catalog/view/agile-software-development/,K,No,No
Agile Testing (New),https://www.shl.com/products/product-catalog/view/agile-testing-new/,K,No,No
AI Skills,https://www.shl.com/products/product-catalog/view/ai-skills/,P,No,No
Amazon Web Services (AWS) Development (New),https://www.shl.com/products/product-catalog/view/amazon-web-services-aws-development-new/,K,No,No
Android Development (New),https://www.shl.com/products/product-catalog/view/android-development-new/,K,No,No
Angular 6 (New),https://www.shl.com/products/product-catalog/view/angular-6-new/,K,No,No
AngularJS (New),https://www.shl.com/products/product-catalog/view/angularjs-new/,K,No,No
Apache Hadoop (New),https://www.shl.com/products/product-catalog/view/apache-hadoop-new/,K,No,No
Apache Hadoop Extensions (New),https://www.shl.com/products/product-catalog/view/apache-hadoop-extensions-new/,K,No,No
Apache HBase (New),https://www.shl.com/products/product-catalog/view/apache-hbase-new/,K,No,No
Apache Hive (New),https://www.shl.com/products/product-catalog/view/apache-hive-new/,K,No,No
Apache Kafka (New),https://www.shl.com/products/product-catalog/view/apache-kafka-new/,K,No,No
Apache Pig (New),https://www.shl.com/products/product-catalog/view/apache-pig-new/,K,No,No
Apache Spark (New),https://www.shl.com/products/product-catalog/view/apache-spark-new/,K,No,No
ASP .NET with C# (New),https://www.shl.com/products/product-catalog/view/asp-net-with-c-new/,K,No,No
ASP.NET 4.5,https://www.shl.com/products/product-catalog/view/asp-net-4-5/,K,No,No
Assessment and Development Center Exercises,https://www.shl.com/products/product-catalog/view/assessment-and-development-center-exercises/,E,No,No
Automata - Fix (New),https://www.shl.com/products/product-catalog/view/automata-fix-new/,S,No,No
Automata - SQL (New),https://www.shl.com/products/product-catalog/view/automata-sql-new/,S,No,No
Automata (New),https://www.shl.com/products/product-catalog/view/automata-new/,S,No,No
Automata Data Science (New),https://www.shl.com/products/product-catalog/view/automata-data-science-new/,S,No,No
Automata Data Science Pro (New),https://www.shl.com/products/product-catalog/view/automata-data-science-pro-new/,S,No,No
Automata Front End,https://www.shl.com/products/product-catalog/view/automata-front-end/,S,No,No
Automata Pro (New),https://www.shl.com/products/product-catalog/view/automata-pro-new/,S,No,No
Automata Selenium,https://www.shl.com/products/product-catalog/view/automata-selenium/,S,No,No
Automation Anywhere RPA Development (New),https://www.shl.com/products/product-catalog/view/automation-anywhere-rpa-development-new/,K,No,No
Automotive Engineering (New),https://www.shl.com/products/product-catalog/view/automotive-engineering-new/,K,No,No
Basic Biology (New),https://www.shl.com/products/product-catalog/view/basic-biology-new/,K,No,No
Basic Computer Literacy (Windows 10) (New),https://www.shl.com/products/product-catalog/view/basic-computer-literacy-windows-10-new/,SK,No,No
Basic Statistics (New),https://www.shl.com/products/product-catalog/view/basic-statistics-new/,K,No,No
Biochemistry (New),https://www.shl.com/products/product-catalog/view/biochemistry-new/,K,No,No
Biotech Lab Techniques (New),https://www.shl.com/products/product-catalog/view/biotech-lab-techniques-new/,K,No,No
BizTalk (New),https://www.shl.com/products/product-catalog/view/biztalk-new/,K,No,No
Business Communication (adaptive),https://www.shl.com/products/product-catalog/view/business-communication-adaptive/,K,No,No
Business Communications,https://www.shl.com/products/product-catalog/view/business-communications/,K,No,No
C Programming (New),https://www.shl.com/products/product-catalog/view/c-programming-new/,K,No,No
C# Programming (New),https://www.shl.com/products/product-catalog/view/c-programming-new-4039/,K,No,No
C++ Programming (New),https://www.shl.com/products/product-catalog/view/c-programming-new-4122/,K,No,No
Cardiology and Diabetes Management (New),https://www.shl.com/products/product-catalog/view/cardiology-and-diabetes-management-new/,K,No,No
Ceramic Engineering (New),https://www.shl.com/products/product-catalog/view/ceramic-engineering-new/,K,No,No
Chemical Engineering (New),https://www.shl.com/products/product-catalog/view/chemical-engineering-new/,K,No,No
Cisco AppDynamics (New),https://www.shl.com/products/product-catalog/view/cisco-appdynamics-new/,K,No,No
Civil Engineering (New),https://www.shl.com/products/product-catalog/view/civil-engineering-new/,K,No,No
Cloud Computing (New),https://www.shl.com/products/product-catalog/view/cloud-computing-new/,K,No,No
COBOL Programming (New),https://www.shl.com/products/product-catalog/view/cobol-programming-new/,K,No,No
Computer Science (New),https://www.shl.com/products/product-catalog/view/computer-science-new/,K,No,No
Contact Center Call Simulation (New),https://www.shl.com/products/product-catalog/view/contact-center-call-simulation-new/,S,No,No
Conversational Multichat Simulation,https://www.shl.com/products/product-catalog/view/conversational-multichat-simulation/,S,No,No
Core Java (Advanced Level) (New),https://www.shl.com/products/product-catalog/view/core-java-advanced-level-new/,K,No,No
Core Java (Entry Level) (New),https://www.shl.com/products/product-catalog/view/core-java-entry-level-new/,K,No,No
Count Out The Money,https://www.shl.com/products/product-catalog/view/count-out-the-money/,KS,No,No
CSS3 (New),https://www.shl.com/products/product-catalog/view/css3-new/,K,No,No
Culinary Skills (New),https://www.shl.com/products/product-catalog/view/culinary-skills-new/,K,No,No
Customer Service Phone Simulation,https://www.shl.com/products/product-catalog/view/customer-service-phone-simulation/,BS,No,No
Customer Service Phone Solution,https://www.shl.com/products/product-catalog/view/customer-service-phone-solution/,BPS,No,No
Cyber Risk (New),https://www.shl.com/products/product-catalog/view/cyber-risk-new/,K,No,No
Data Entry (New),https://www.shl.com/products/product-catalog/view/data-entry-new/,S,No,No
Data Entry Alphanumeric Split Screen - US,https://www.shl.com/products/product-catalog/view/data-entry-alphanumeric-split-screen-us/,K,No,No
Data Entry Numeric Split Screen - US,https://www.shl.com/products/product-catalog/view/data-entry-numeric-split-screen-us/,K,No,No
Data Entry Ten Key Split Screen,https://www.shl.com/products/product-catalog/view/data-entry-ten-key-split-screen/,K,No,No
Data Science (New),https://www.shl.com/products/product-catalog/view/data-science-new/,K,No,No
Data Warehousing Concepts,https://www.shl.com/products/product-catalog/view/data-warehousing-concepts/,K,No,No
Dependability and Safety Instrument (DSI),https://www.shl.com/products/product-catalog/view/dependability-and-safety-instrument-dsi/,P,No,No
Dermatology (New),https://www.shl.com/products/product-catalog/view/dermatology-new/,K,No,No
Desktop Support (New),https://www.shl.com/products/product-catalog/view/desktop-support-new/,K,No,No
Digital Advertising (New),https://www.shl.com/products/product-catalog/view/digital-advertising-new/,K,No,No
Digital Readiness Development Report - IC,https://www.shl.com/products/product-catalog/view/digital-readiness-development-report/,P,No,No
Digital Readiness Development Report - Manager,https://www.shl.com/products/product-catalog/view/digital-readiness-development-report-manager/,P,No,No
Docker (New),https://www.shl.com/products/product-catalog/view/docker-new/,K,No,No
Dojo (New),https://www.shl.com/products/product-catalog/view/dojo-new/,K,No,No
Drupal (New),https://www.shl.com/products/product-catalog/view/drupal-new/,K,No,No
DSI v1.1 Interpretation Report,https://www.shl.com/products/product-catalog/view/dsi-v1-1-interpretation-report/,P,No,No
Econometrics (New),https://www.shl.com/products/product-catalog/view/econometrics-new/,K,No,No
Economics (New),https://www.shl.com/products/product-catalog/view/economics-new/,K,No,No
Electrical and Electronics Engineering (New),https://www.shl.com/products/product-catalog/view/electrical-and-electronics-engineering-new/,K,No,No
Electrical Engineering (New),https://www.shl.com/products/product-catalog/view/electrical-engineering-new/,K,No,No
Electronics & Telecommunications Engineering (New),https://www.shl.com/products/product-catalog/view/electronics-and-telecommunications-engineering-new/,K,No,No
Electronics and Embedded Systems Engineering (New),https://www.shl.com/products/product-catalog/view/electronics-and-embedded-systems-engineering-new/,K,No,No
Electronics and Semiconductor Engineering (New),https://www.shl.com/products/product-catalog/view/electronics-and-semiconductor-engineering-new/,K,No,No
English Comprehension (New),https://www.shl.com/products/product-catalog/view/english-comprehension-new/,K,No,No
Enterprise Java Beans (New),https://www.shl.com/products/product-catalog/view/enterprise-java-beans-new/,K,No,No
Enterprise Leadership Report 1.0,https://www.shl.com/products/product-catalog/view/enterprise-leadership-report/,P,No,No
Enterprise Leadership Report 2.0,https://www.shl.com/products/product-catalog/view/enterprise-leadership-report-2-0/,P,No,No
Entry Level Cashier Solution,https://www.shl.com/products/product-catalog/view/entry-level-cashier-solution/,CP,No,No
Entry Level Customer Serv-Retail & Contact Center,https://www.shl.com/products/product-catalog/view/entry-level-customer-serv-retail-and-contact-center/,PC,No,No
Entry Level Customer Service (General) Solution,https://www.shl.com/products/product-catalog/view/entry-level-customer-service-general-solution/,CP,No,No
Entry Level Hotel Front Desk Solution,https://www.shl.com/products/product-catalog/view/entry-level-hotel-front-desk-solution/,CP,No,No
Entry Level Sales Solution,https://www.shl.com/products/product-catalog/view/entry-level-sales-solution/,CP,No,No
Entry Level Technical Support Solution,https://www.shl.com/products/product-catalog/view/entry-level-technical-support-solution/,PC,No,No
ETL Testing (New),https://www.shl.com/products/product-catalog/view/etl-testing-new/,K,No,No
Executive Scenarios,https://www.shl.com/products/product-catalog/view/executive-scenarios/,B,No,No
Executive Scenarios Narrative Report,https://www.shl.com/products/product-catalog/view/executive-scenarios-narrative-report/,B,No,No
Executive Scenarios Profile Report,https://www.shl.com/products/product-catalog/view/executive-scenarios-profile-report/,B,No,No
ExpressJS (New),https://www.shl.com/products/product-catalog/view/expressjs-new/,K,No,No
Filing - Names (R1),https://www.shl.com/products/product-catalog/view/filing-names-r1/,K,No,No
Filing - Numbers,https://www.shl.com/products/product-catalog/view/filing-numbers/,K,No,No
Financial Accounting (New),https://www.shl.com/products/product-catalog/view/financial-accounting-new/,K,No,No
Financial and Banking Services (New),https://www.shl.com/products/product-catalog/view/financial-and-banking-services-new/,K,No,No
Fire Engineering (New),https://www.shl.com/products/product-catalog/view/fire-engineering-new/,K,No,No
Following Instructions v1 - UK (R1),https://www.shl.com/products/product-catalog/view/following-instructions-v1-uk-r1/,K,No,No
Following Instructions v1 - US (R2),https://www.shl.com/products/product-catalog/view/following-instructions-v1-us-r2/,K,No,No
Food and Beverage Services (New),https://www.shl.com/products/product-catalog/view/food-and-beverage-services-new/,K,No,No
Food Science (New),https://www.shl.com/products/product-catalog/view/food-science-new/,K,No,No
Front Office Management (New),https://www.shl.com/products/product-catalog/view/front-office-management-new/,K,No,No
Fundamentals of Chemistry (New),https://www.shl.com/products/product-catalog/view/fundamentals-of-chemistry-new/,K,No,No
Fundamentals of Physics (New),https://www.shl.com/products/product-catalog/view/fundamentals-of-physics-new/,K,No,No
General Diseases (New),https://www.shl.com/products/product-catalog/view/general-diseases-new/,K,No,No
Geoinformatics Engineering (New),https://www.shl.com/products/product-catalog/view/geoinformatics-engineering-new/,K,No,No
Geoscience Engineering (New),https://www.shl.com/products/product-catalog/view/geoscience-engineering-new/,K,No,No
GIT (New),https://www.shl.com/products/product-catalog/view/git-new/,K,No,No
Global Skills Assessment,https://www.shl.com/products/product-catalog/view/global-skills-assessment/,CK,No,No
Graduate Scenarios,https://www.shl.com/products/product-catalog/view/graduate-scenarios/,B,No,No
Graduate Scenarios Narrative Report,https://www.shl.com/products/product-catalog/view/graduate-scenarios-narrative-report/,B,No,No
Graduate Scenarios Profile Report,https://www.shl.com/products/product-catalog/view/graduate-scenarios-profile-report/,B,No,No
Hibernate (New),https://www.shl.com/products/product-catalog/view/hibernate-new/,K,No,No
HIPAA (Security),https://www.shl.com/products/product-catalog/view/hipaa-security/,K,No,No
HiPo Assessment Report 1.0,https://www.shl.com/products/product-catalog/view/hipo-assessment-report-1-0/,CP,No,No
HiPo Assessment Report 2.0,https://www.shl.com/products/product-catalog/view/hipo-assessment-report-2-0/,CP,No,No
HiPo Unlocking Potential Report 2.0,https://www.shl.com/products/product-catalog/view/hipo-unlocking-potential-report-2-0/,C,No,No
Housekeeping (New),https://www.shl.com/products/product-catalog/view/housekeeping-new/,K,No,No
HTML/CSS (New),https://www.shl.com/products/product-catalog/view/htmlcss-new/,K,No,No
HTML5 (New),https://www.shl.com/products/product-catalog/view/html5-new/,K,No,No
Human Resources (New),https://www.shl.com/products/product-catalog/view/human-resources-new/,K,No,No
IBM DataStage (New),https://www.shl.com/products/product-catalog/view/ibm-datastage-new/,K,No,No
IBM Sterling Order Management System (New),https://www.shl.com/products/product-catalog/view/ibm-sterling-order-management-system-new/,K,No,No
Industrial Engineering (New),https://www.shl.com/products/product-catalog/view/industrial-engineering-new/,K,No,No
Informatica (Architecture) (New),https://www.shl.com/products/product-catalog/view/informatica-architecture-new/,K,No,No
Informatica (Developer) (New),https://www.shl.com/products/product-catalog/view/informatica-developer-new/,K,No,No
Instrumentation Engineering (New),https://www.shl.com/products/product-catalog/view/instrumentation-engineering-new/,K,No,No
Interpersonal Communications,https://www.shl.com/products/product-catalog/view/interpersonal-communications/,K,No,No
Interviewing and Hiring Concepts (U.S.),https://www.shl.com/products/product-catalog/view/interviewing-and-hiring-concepts-u-s/,K,No,No
iOS Development (New),https://www.shl.com/products/product-catalog/view/ios-development-new/,K,No,No
ITIL (IT Infrastructure Library) (New),https://www.shl.com/products/product-catalog/view/itil-it-infrastructure-library-new/,K,No,No
Java 2 Platform Enterprise Edition 1.4 Fundamental,https://www.shl.com/products/product-catalog/view/java-2-platform-enterprise-edition-1-4-fundamental/,K,No,No
Java 8 (New),https://www.shl.com/products/product-catalog/view/java-8-new/,K,No,No
Java Design Patterns (New),https://www.shl.com/products/product-catalog/view/java-design-patterns-new/,K,No,No
Java Frameworks (New),https://www.shl.com/products/product-catalog/view/java-frameworks-new/,K,No,No
Java Platform Enterprise Edition 7 (Java EE 7),https://www.shl.com/products/product-catalog/view/java-platform-enterprise-edition-7-java-ee-7/,K,No,No
Java Web Services (New),https://www.shl.com/products/product-catalog/view/java-web-services-new/,K,No,No
JavaScript (New),https://www.shl.com/products/product-catalog/view/javascript-new/,K,No,No
Jenkins (New),https://www.shl.com/products/product-catalog/view/jenkins-new/,K,No,No
Job Control Language (New),https://www.shl.com/products/product-catalog/view/job-control-language-new/,K,No,No
jQuery (New),https://www.shl.com/products/product-catalog/view/jquery-new/,K,No,No
Kubernetes (New),https://www.shl.com/products/product-catalog/view/kubernetes-new/,K,No,No
Linux Administration (New),https://www.shl.com/products/product-catalog/view/linux-administration-new/,K,No,No
Linux Operating System,https://www.shl.com/products/product-catalog/view/linux-operating-system/,K,No,No
Linux Programming (General),https://www.shl.com/products/product-catalog/view/linux-programming-general/,K,No,No
Load Runner (New),https://www.shl.com/products/product-catalog/view/load-runner-new/,K,No,No
Management Scenarios,https://www.shl.com/products/product-catalog/view/management-scenarios/,B,No,No
Managerial Scenarios Candidate Report,https://www.shl.com/products/product-catalog/view/managerial-scenarios-candidate-report/,B,No,No
Managerial Scenarios Narrative Report,https://www.shl.com/products/product-catalog/view/managerial-scenarios-narrative-report/,B,No,No
Managerial Scenarios Profile Report,https://www.shl.com/products/product-catalog/view/managerial-scenarios-profile-report/,B,No,No
Manual Testing (New),https://www.shl.com/products/product-catalog/view/manual-testing-new/,K,No,No
Manufac. & Indust. - Mechanical & Vigilance 8.0,https://www.shl.com/products/product-catalog/view/mechanical-and-vigilance-focus-8-0/,AP,No,No
Manufac. & Indust. - Safety & Dependability 8.0,https://www.shl.com/products/product-catalog/view/safety-and-dependability-focus-8-0/,P,No,No
Manufacturing & Industrial - Essential Focus 8.0,https://www.shl.com/products/product-catalog/view/essential-focus-8-0/,P,No,No
Manufacturing & Industrial - Mechanical Focus 8.0,https://www.shl.com/products/product-catalog/view/mechanical-focus-8-0/,AP,No,No
Manufacturing & Industrial - Vigilance Focus 8.0,https://www.shl.com/products/product-catalog/view/vigilance-focus-8-0/,AP,No,No
Marketing (New),https://www.shl.com/products/product-catalog/view/marketing-new/,K,No,No
Maven (New),https://www.shl.com/products/product-catalog/view/maven-new/,K,No,No
Mechanical Engineering (New),https://www.shl.com/products/product-catalog/view/mechanical-engineering-new/,K,No,No
Mechatronics Engineering (New),https://www.shl.com/products/product-catalog/view/mechatronics-engineering-new/,K,No,No
Medical Terminology (New),https://www.shl.com/products/product-catalog/view/medical-terminology-new/,K,No,No
Metallurgical Engineering (New),https://www.shl.com/products/product-catalog/view/metallurgical-engineering-new/,K,No,No
MFS 360 Enterprise Leadership Report,https://www.shl.com/products/product-catalog/view/mfs-360-enterprise-leadership-report/,D,No,No
MFS 360 UCF Group Report,https://www.shl.com/products/product-catalog/view/mfs-360-ucf-group-report/,D,No,No
MFS 360 UCF Performance Potential Dev Tips Report,https://www.shl.com/products/product-catalog/view/mfs-360-ucf-performance-potential-dev-tips-report/,D,No,No
MFS 360 UCF Standard Report,https://www.shl.com/products/product-catalog/view/mfs-360-ucf-standard-report/,D,No,No
Micro Focus Unified Functional Testing (New),https://www.shl.com/products/product-catalog/view/micro-focus-unified-functional-testing-new/,K,No,No
Microservices (New),https://www.shl.com/products/product-catalog/view/microservices-new/,K,No,No
Microsoft Dynamics Development (New),https://www.shl.com/products/product-catalog/view/microsoft-dynamics-development-new/,K,No,No
Microsoft Excel 365 - Essentials (New),https://www.shl.com/products/product-catalog/view/microsoft-excel-365-essentials-new/,KS,No,No
Microsoft Excel 365 (New),https://www.shl.com/products/product-catalog/view/microsoft-excel-365-new/,KS,No,No
Microsoft Outlook 2013 (adaptive),https://www.shl.com/products/product-catalog/view/microsoft-outlook-2013-adaptive/,K,No,No
Microsoft PowerPoint 365 - Essentials (New),https://www.shl.com/products/product-catalog/view/microsoft-powerpoint-365-essentials-new/,KS,No,No
Microsoft SQL Server 2014 Programming,https://www.shl.com/products/product-catalog/view/microsoft-sql-server-2014-programming/,K,No,No
Microsoft Windows Server 2012 Administration,https://www.shl.com/products/product-catalog/view/microsoft-windows-server-2012-administration/,K,No,No
Microsoft Word 365 - Essentials (New),https://www.shl.com/products/product-catalog/view/microsoft-word-365-essentials-new/,KS,No,No
Microsoft Word 365 (New),https://www.shl.com/products/product-catalog/view/microsoft-word-365-new/,SK,No,No
Mineral Engineering (New),https://www.shl.com/products/product-catalog/view/mineral-engineering-new/,K,No,No
Mining Engineering (New),https://www.shl.com/products/product-catalog/view/mining-engineering-new/,K,No,No
Mobility (New),https://www.shl.com/products/product-catalog/view/mobility-new/,K,No,No
Molecular Biology (New),https://www.shl.com/products/product-catalog/view/molecular-biology-new/,K,No,No
MongoDB (New),https://www.shl.com/products/product-catalog/view/mongodb-new/,K,No,No
Motivation Questionnaire MQM5,https://www.shl.com/products/product-catalog/view/motivation-questionnaire-mqm5/,P,No,No
MQ Candidate Motivation Report,https://www.shl.com/products/product-catalog/view/mq-candidate-motivation-report/,P,No,No
MQ Employee Motivation Report,https://www.shl.com/products/product-catalog/view/mq-employee-motivation-report/,P,No,No
MQ Motivation Report Pack,https://www.shl.com/products/product-catalog/view/mq-motivation-report-pack/,P,No,No
MQ Profile,https://www.shl.com/products/product-catalog/view/mq-profile/,P,No,No
MS Access (New),https://www.shl.com/products/product-catalog/view/ms-access-new/,K,No,No
MS Excel (New),https://www.shl.com/products/product-catalog/view/ms-excel-new/,K,No,No
MS Office Basic Computer Literacy (New),https://www.shl.com/products/product-catalog/view/ms-office-basic-computer-literacy-new/,K,No,No
MS Office Basic Computer Literacy (Sim) (New),https://www.shl.com/products/product-catalog/view/ms-office-basic-computer-literacy-sim-new/,S,No,No
MS PowerPoint (New),https://www.shl.com/products/product-catalog/view/ms-powerpoint-new/,K,No,No
MS Word (New),https://www.shl.com/products/product-catalog/view/ms-word-new/,K,No,No
MuleSoft Development (New),https://www.shl.com/products/product-catalog/view/mulesoft-development-new/,K,No,No
Multitasking Ability,https://www.shl.com/products/product-catalog/view/multitasking-ability/,AKS,No,No
Networking and Implementation (New),https://www.shl.com/products/product-catalog/view/networking-and-implementation-new/,K,No,No
Node.js (New),https://www.shl.com/products/product-catalog/view/node-js-new/,K,No,No
Nursing (New),https://www.shl.com/products/product-catalog/view/nursing-new/,K,No,No
Occupational Personality Questionnaire OPQ32r,https://www.shl.com/products/product-catalog/view/occupational-personality-questionnaire-opq32r/,P,No,No
Operations Management (New),https://www.shl.com/products/product-catalog/view/operations-management-new/,K,No,No
OPQ Candidate Plus Report,https://www.shl.com/products/product-catalog/view/opq-candidate-plus-report/,P,No,No
OPQ Candidate Report 2.0,https://www.shl.com/products/product-catalog/view/opq-candidate-report-2-0/,P,No,No
OPQ Emotional Intelligence Report,https://www.shl.com/products/product-catalog/view/opq-emotional-intelligence-report/,P,No,No
OPQ Leadership Report,https://www.shl.com/products/product-catalog/view/opq-leadership-report/,P,No,No
OPQ Manager Plus Report,https://www.shl.com/products/product-catalog/view/opq-manager-plus-report/,P,No,No
OPQ Manager Plus Report 2.0,https://www.shl.com/products/product-catalog/view/opq-manager-plus-report-2-0/,P,No,No
OPQ Maximising your Learning Report,https://www.shl.com/products/product-catalog/view/opq-maximising-your-learning-report/,P,No,No
OPQ MQ Sales Report,https://www.shl.com/products/product-catalog/view/opq-mq-sales-report/,P,No,No
OPQ Premium Plus Report,https://www.shl.com/products/product-catalog/view/opq-premium-plus-report/,P,No,No
OPQ Premium Plus Report 2.0,https://www.shl.com/products/product-catalog/view/opq-premium-plus-report-2-0/,P,No,No
OPQ Profile Report,https://www.shl.com/products/product-catalog/view/opq-profile-report/,P,No,No
OPQ Team Impact Group Development Report,https://www.shl.com/products/product-catalog/view/opq-team-impact-group-development-report/,P,No,No
OPQ Team Impact Individual Development Report,https://www.shl.com/products/product-catalog/view/opq-team-impact-individual-development-report/,P,No,No
OPQ Team Impact Selection Report,https://www.shl.com/products/product-catalog/view/opq-team-impact-selection-report/,P,No,No
OPQ Team Types & Leadership Styles Profile,https://www.shl.com/products/product-catalog/view/opq-team-types-and-leadership-styles-profile/,P,No,No
OPQ Team Types and Leadership Styles Report,https://www.shl.com/products/product-catalog/view/opq-team-types-and-leadership-styles-report/,P,No,No
OPQ UCF Development Action Planner Report 1.0,https://www.shl.com/products/product-catalog/view/opq-ucf-development-action-planner-report/,P,No,No
OPQ UCF Development Action Planner Report 2.0,https://www.shl.com/products/product-catalog/view/opq-ucf-development-action-planner-report-2-0/,P,No,No
OPQ Universal Competency Report 1.0,https://www.shl.com/products/product-catalog/view/opq-universal-competency-report/,P,No,No
OPQ Universal Competency Report 2.0,https://www.shl.com/products/product-catalog/view/opq-universal-competency-report-2-0/,P,No,No
OPQ User and Managers Report,https://www.shl.com/products/product-catalog/view/opq-user-and-managers-report/,P,No,No
OPQ User Report,https://www.shl.com/products/product-catalog/view/opq-user-report/,PS,No,No
Oracle DBA (Advanced Level) (New),https://www.shl.com/products/product-catalog/view/oracle-dba-advanced-level-new/,K,No,No
Oracle DBA (Entry Level) (New),https://www.shl.com/products/product-catalog/view/oracle-dba-entry-level-new/,K,No,No
Oracle PL/SQL (New),https://www.shl.com/products/product-catalog/view/oracle-plsql-new/,K,No,No
Oracle WebLogic Server (New),https://www.shl.com/products/product-catalog/view/oracle-weblogic-server-new/,K,No,No
Organic Chemistry (New),https://www.shl.com/products/product-catalog/view/organic-chemistry-new/,K,No,No
Paint Technology (New),https://www.shl.com/products/product-catalog/view/paint-technology-new/,K,No,No
Pediatrics (New),https://www.shl.com/products/product-catalog/view/pediatrics-new/,K,No,No
Pega Development (New),https://www.shl.com/products/product-catalog/view/pega-development-new/,K,No,No
Perl (New),https://www.shl.com/products/product-catalog/view/perl-new/,K,No,No
Petrochemical Engineering (New),https://www.shl.com/products/product-catalog/view/petrochemical-engineering-new/,K,No,No
Petroleum Engineering (New),https://www.shl.com/products/product-catalog/view/petroleum-engineering-new/,K,No,No
Pharmaceutical Analysis (New),https://www.shl.com/products/product-catalog/view/pharmaceutical-analysis-new/,K,No,No
Pharmaceutical Chemistry (New),https://www.shl.com/products/product-catalog/view/pharmaceutical-chemistry-new/,K,No,No
Pharmaceutical Science (New),https://www.shl.com/products/product-catalog/view/pharmaceutical-science-new/,K,No,No
Pharmaceutics (New),https://www.shl.com/products/product-catalog/view/pharmaceutics-new/,K,No,No
Pharmacology (New),https://www.shl.com/products/product-catalog/view/pharmacology-new/,K,No,No
PHP (New),https://www.shl.com/products/product-catalog/view/php-new/,K,No,No
PJM Development Report,https://www.shl.com/products/product-catalog/view/pjm-development-report/,CAP,No,No
PJM Selection Report,https://www.shl.com/products/product-catalog/view/pjm-selection-report/,ACP,No,No
Polymer Engineering (New),https://www.shl.com/products/product-catalog/view/polymer-engineering-new/,K,No,No
Power Electronics and Drives (New),https://www.shl.com/products/product-catalog/view/power-electronics-and-drives-new/,K,No,No
Power System Engineering (New),https://www.shl.com/products/product-catalog/view/power-system-engineering-new/,K,No,No
Prism (New),https://www.shl.com/products/product-catalog/view/prism-new/,K,No,No
Production and Industrial Engineering (New),https://www.shl.com/products/product-catalog/view/production-and-industrial-engineering-new/,K,No,No
Production Engineering (New),https://www.shl.com/products/product-catalog/view/production-engineering-new/,K,No,No
Programming Concepts,https://www.shl.com/products/product-catalog/view/programming-concepts/,K,No,No
Project Management (2013),https://www.shl.com/products/product-catalog/view/project-management-2013/,K,No,No
Proofreading v1,https://www.shl.com/products/product-catalog/view/proofreading-v1/,K,No,No
Python (New),https://www.shl.com/products/product-catalog/view/python-new/,K,No,No
R Programming (New),https://www.shl.com/products/product-catalog/view/r-programming-new/,K,No,No
ReactJS (New),https://www.shl.com/products/product-catalog/view/reactjs-new/,K,No,No
Reading Comprehension - English v1,https://www.shl.com/products/product-catalog/view/reading-comprehension-english-v1/,A,No,No
Reading Comprehension - Spanish v1,https://www.shl.com/products/product-catalog/view/reading-comprehension-spanish-v1/,A,No,No
Reading Comprehension v2,https://www.shl.com/products/product-catalog/view/reading-comprehension-v2/,A,No,No
RemoteWorkQ,https://www.shl.com/products/product-catalog/view/remoteworkq/,C,No,No
RemoteWorkQ Manager Report,https://www.shl.com/products/product-catalog/view/remoteworkq-manager-report/,C,No,No
RemoteWorkQ Participant Report,https://www.shl.com/products/product-catalog/view/remoteworkq-participant-report/,C,No,No
RESTful Web Services (New),https://www.shl.com/products/product-catalog/view/restful-web-services-new/,K,No,No
Retail Sales and Service Simulation,https://www.shl.com/products/product-catalog/view/retail-sales-and-service-simulation/,BKSA,No,No
Reviewing Forms - US (R1),https://www.shl.com/products/product-catalog/view/reviewing-forms-us-r1/,K,No,No
Ruby (New),https://www.shl.com/products/product-catalog/view/ruby-new/,K,No,No
Ruby on Rails (New),https://www.shl.com/products/product-catalog/view/ruby-on-rails-new/,K,No,No
Sales & Service Phone Simulation,https://www.shl.com/products/product-catalog/view/sales-and-service-phone-simulation/,SB,No,No
Sales & Service Phone Solution,https://www.shl.com/products/product-catalog/view/sales-and-service-phone-solution/,BPS,No,No
Sales Interview Guide,https://www.shl.com/products/product-catalog/view/sales-interview-guide/,PP,No,No
Sales Profiler Cards,https://www.shl.com/products/product-catalog/view/sales-profiler-cards/,P,No,No
Sales Transformation 1.0 - Individual Contributor,https://www.shl.com/products/product-catalog/view/sales-transformation-report-individual-contributor/,P,No,No
Sales Transformation 2.0 - Individual Contributor,https://www.shl.com/products/product-catalog/view/salestransformationreport2-0-individualcontributor/,P,No,No
Sales Transformation Report 1.0 - Sales Manager,https://www.shl.com/products/product-catalog/view/sales-transformation-report-sales-manager/,P,No,No
Sales Transformation Report 2.0 - Sales Manager,https://www.shl.com/products/product-catalog/view/sales-transformation-report-2-0-sales-manager/,P,No,No
Salesforce Development (New),https://www.shl.com/products/product-catalog/view/salesforce-development-new/,K,No,No
SAP ABAP (Advanced Level) (New),https://www.shl.com/products/product-catalog/view/sap-abap-advanced-level-new/,K,No,No
SAP ABAP (Intermediate Level) (New),https://www.shl.com/products/product-catalog/view/sap-abap-intermediate-level-new/,K,No,No
SAP Basis (New),https://www.shl.com/products/product-catalog/view/sap-basis-new/,K,No,No
SAP Business Objects WebI (New),https://www.shl.com/products/product-catalog/view/sap-business-objects-webi-new/,K,No,No
SAP BW (Business Warehouse) (New),https://www.shl.com/products/product-catalog/view/sap-bw-business-warehouse-new/,K,No,No
SAP HCM (Human Capital Management) (New),https://www.shl.com/products/product-catalog/view/sap-hcm-human-capital-management-new/,K,No,No
SAP Hybris (New),https://www.shl.com/products/product-catalog/view/sap-hybris-new/,K,No,No
SAP Materials Management (New),https://www.shl.com/products/product-catalog/view/sap-materials-management-new/,K,No,No
SAP SD (Sales and Distribution) (New),https://www.shl.com/products/product-catalog/view/sap-sd-sales-and-distribution-new/,K,No,No
Search Engine Optimization (New),https://www.shl.com/products/product-catalog/view/search-engine-optimization-new/,K,No,No
Selenium (New),https://www.shl.com/products/product-catalog/view/selenium-new/,K,No,No
Shell Scripting (New),https://www.shl.com/products/product-catalog/view/shell-scripting-new/,K,No,No
SHL Verify Interactive - Inductive Reasoning,https://www.shl.com/products/product-catalog/view/shl-verify-interactive-inductive-reasoning/,AS,No,No
SHL Verify Interactive – Deductive Reasoning,https://www.shl.com/products/product-catalog/view/shl-verify-interactive-deductive-reasoning/,AS,No,No
SHL Verify Interactive – Numerical Reasoning,https://www.shl.com/products/product-catalog/view/shl-verify-interactive-numerical-reasoning/,AS,No,No
SHL Verify Interactive G+,https://www.shl.com/products/product-catalog/view/shl-verify-interactive-g/,A,No,No
SHL Verify Interactive Numerical Calculation,https://www.shl.com/products/product-catalog/view/shl-verify-interactive-numerical-calculation/,A,No,No
Siebel Development (New),https://www.shl.com/products/product-catalog/view/siebel-development-new/,K,No,No
Smart Interview Live,https://www.shl.com/products/product-catalog/view/smart-interview-live/,P,No,No
Smart Interview Live Coding,https://www.shl.com/products/product-catalog/view/smart-interview-live-coding/,K,No,No
Smart Interview On Demand,https://www.shl.com/products/product-catalog/view/smart-interview-on-demand/,P,No,No
Social Media (New),https://www.shl.com/products/product-catalog/view/social-media-new/,K,No,No
Software Business Analysis,https://www.shl.com/products/product-catalog/view/software-business-analysis/,K,No,No
SonarQube (New),https://www.shl.com/products/product-catalog/view/sonarqube-new/,K,No,No
Spelling (U.S.) (New),https://www.shl.com/products/product-catalog/view/spelling-u-s-new/,K,No,No
Split Screen Typing Test - Form 1,https://www.shl.com/products/product-catalog/view/split-screen-typing-test-form-1/,AK,No,No
Spring (New),https://www.shl.com/products/product-catalog/view/spring-new/,K,No,No
SQL (New),https://www.shl.com/products/product-catalog/view/sql-new/,K,No,No
SQL Server (New),https://www.shl.com/products/product-catalog/view/sql-server-new/,K,No,No
SQL Server Analysis Services (SSAS) (New),https://www.shl.com/products/product-catalog/view/sql-server-analysis-services-%28ssas%29-%28new%29/,K,No,No
SQL Server Integration Services (SSIS) (New),https://www.shl.com/products/product-catalog/view/sql-server-integration-services-ssis-new/,K,No,No
SQL Server Reporting Services (SSRS) (New),https://www.shl.com/products/product-catalog/view/sql-server-reporting-services-ssrs-new/,K,No,No
Statistical Analysis System (New),https://www.shl.com/products/product-catalog/view/statistical-analysis-system-new/,K,No,No
Struts (New),https://www.shl.com/products/product-catalog/view/struts-new/,K,No,No
SVAR - Spoken English (AUS),https://www.shl.com/products/product-catalog/view/svar-spoken-english-aus/,S,No,No
SVAR - Spoken English (Indian Accent)  (New),https://www.shl.com/products/product-catalog/view/svar-spoken-english-indian-accent-new/,S,No,No
SVAR - Spoken English (U.K.),https://www.shl.com/products/product-catalog/view/svar-spoken-english-u-k/,S,No,No
SVAR - Spoken English (US)  (New),https://www.shl.com/products/product-catalog/view/svar-spoken-english-us-new/,S,No,No
SVAR - Spoken French (Canadian) (New),https://www.shl.com/products/product-catalog/view/svar-spoken-french-canadian-new/,S,No,No
SVAR - Spoken French (European) (New),https://www.shl.com/products/product-catalog/view/svar-spoken-french-european-new/,S,No,No
SVAR - Spoken Spanish (Castilian) (New),https://www.shl.com/products/product-catalog/view/svar-spoken-spanish-castilian-new/,S,No,No
SVAR - Spoken Spanish (North American) (New),https://www.shl.com/products/product-catalog/view/svar-spoken-spanish-north-american-new/,S,No,No
Swing (New),https://www.shl.com/products/product-catalog/view/swing-new/,K,No,No
Tableau (New),https://www.shl.com/products/product-catalog/view/tableau-new/,K,No,No
Telecommunications Engineering (New),https://www.shl.com/products/product-catalog/view/telecommunications-engineering-new/,K,No,No
Teradata Development (New),https://www.shl.com/products/product-catalog/view/teradata-development-new/,K,No,No
Time Management (U.S.),https://www.shl.com/products/product-catalog/view/time-management-u-s/,K,No,No
Training Development,https://www.shl.com/products/product-catalog/view/training-development/,K,No,No
Typing (New),https://www.shl.com/products/product-catalog/view/typing-new/,S,No,No
UiPath RPA Development (New),https://www.shl.com/products/product-catalog/view/uipath-rpa-development-new/,K,No,No
Universal Competency Framework Interview Guide,https://www.shl.com/products/product-catalog/view/universal-competency-framework-interview-guide/,CP,No,No
Universal Competency Framework Job profiling guide,https://www.shl.com/products/product-catalog/view/universal-competency-framework-job-profiling-guide/,CP,No,No
Universal Competency Framework Profiler Cards (44),https://www.shl.com/products/product-catalog/view/universal-competency-framework-profiler-cards-44/,CP,No,No
UNIX (New),https://www.shl.com/products/product-catalog/view/unix-new/,K,No,No
VB.NET (New),https://www.shl.com/products/product-catalog/view/vb-net-new/,K,No,No
Verify - Deductive Reasoning,https://www.shl.com/products/product-catalog/view/verify-deductive-reasoning/,A,No,No
Verify - Following Instructions,https://www.shl.com/products/product-catalog/view/verify-following-instructions/,A,No,No
Verify - G+,https://www.shl.com/products/product-catalog/view/verify-g/,A,No,No
Verify - General Ability Screen,https://www.shl.com/products/product-catalog/view/verify-general-ability-screen/,A,No,No
Verify - Inductive Reasoning (2014),https://www.shl.com/products/product-catalog/view/verify-inductive-reasoning-2014/,A,No,No
Verify - Numerical Ability,https://www.shl.com/products/product-catalog/view/verify-numerical-ability/,A,No,No
Verify - Technical Checking - Next Generation,https://www.shl.com/products/product-catalog/view/verify-technical-checking-next-generation/,A,No,No
Verify - Verbal Ability - Next Generation,https://www.shl.com/products/product-catalog/view/verify-verbal-ability-next-generation/,A,No,No
Verify - Working with Information,https://www.shl.com/products/product-catalog/view/verify-working-with-information/,A,No,No
Verify G+ - Ability Test Report,https://www.shl.com/products/product-catalog/view/verify-g-ability-test-report/,A,No,No
Verify G+ - Candidate Report,https://www.shl.com/products/product-catalog/view/verify-g-candidate-report/,A,No,No
Verify Interactive Ability Report,https://www.shl.com/products/product-catalog/view/verify-interactive-ability-report/,A,No,No
Verify Interactive G+ Candidate Report,https://www.shl.com/products/product-catalog/view/verify-interactive-g-candidate-report/,A,No,No
Verify Interactive G+ Report,https://www.shl.com/products/product-catalog/view/verify-interactive-g-report/,A,No,No
Verify Interactive Process Monitoring,https://www.shl.com/products/product-catalog/view/verify-interactive-process-monitoring/,A,No,No
Virtual Assessment and Development Centers,https://www.shl.com/products/product-catalog/view/virtual-assessment-and-development-centers/,P,No,No
Visual Basic for Applications (New),https://www.shl.com/products/product-catalog/view/visual-basic-for-applications-new/,K,No,No
Visual Comparison - UK,https://www.shl.com/products/product-catalog/view/visual-comparison-uk/,K,No,No
Visual Comparison - US,https://www.shl.com/products/product-catalog/view/visual-comparison-us/,K,No,No
VLSI and Embedded Systems (New),https://www.shl.com/products/product-catalog/view/vlsi-and-embedded-systems-new/,K,No,No
What Is The Value - US,https://www.shl.com/products/product-catalog/view/what-is-the-value-us/,K,No,No
Workplace Administration Skills (New),https://www.shl.com/products/product-catalog/view/workplace-administration-skills-new/,K,No,No
Workplace Health and Safety (New),https://www.shl.com/products/product-catalog/view/workplace-health-and-safety-new/,K,No,No
WriteX - Email Writing (Customer Service) (New),https://www.shl.com/products/product-catalog/view/writex-email-writing-customer-service-new/,S,No,No
WriteX - Email Writing (Managerial) (New),https://www.shl.com/products/product-catalog/view/writex-email-writing-managerial-new/,S,No,No
WriteX - Email Writing (Sales) (New),https://www.shl.com/products/product-catalog/view/writex-email-writing-sales-new/,BS,No,No
Written English v1,https://www.shl.com/products/product-catalog/view/written-english-v1/,K,No,No
Written Spanish,https://www.shl.com/products/product-catalog/view/written-spanish/,K,No,No
Zabbix (New),https://www.shl.com/products/product-catalog/view/zabbix-new/,K,No,No
360 Digital Report,https://www.shl.com/products/product-catalog/view/360-digital-report/,D,No,No
360° Multi-Rater Feedback System (MFS),https://www.shl.com/products/product-catalog/view/360-multi-rater-feedback-system-mfs/,DP,No,No
